{"pages": [{"width": 595.0, "height": 842.0, "text": [{"text": "ToolsNest PDF smoke test page 1", "x": 72.0, "y": 52.650001525878906, "w": 274.1039733886719, "h": 24.73200225830078, "font": "Helvetica", "size": 18.0, "bold": false, "italic": false, "color": "000000"}, {"text": "Second line for layout extraction", "x": 72.0, "y": 117.0999984741211, "w": 170.74795532226562, "h": 16.487998962402344, "font": "Helvetica", "size": 12.0, "bold": false, "italic": false, "color": "000000"}]}, {"width": 595.0, "height": 842.0, "text": [{"text": "ToolsNest PDF smoke test page 2", "x": 72.0, "y": 52.650001525878906, "w": 274.1039733886719, "h": 24.73200225830078, "font": "Helvetica", "size": 18.0, "bold": false, "italic": false, "color": "000000"}]}]}